[{"model": "contenttypes.contenttype", "pk": 1, "fields": {"app_label": "admin", "model": "logentry"}}, {"model": "contenttypes.contenttype", "pk": 2, "fields": {"app_label": "auth", "model": "group"}}, {"model": "contenttypes.contenttype", "pk": 3, "fields": {"app_label": "auth", "model": "permission"}}, {"model": "contenttypes.contenttype", "pk": 4, "fields": {"app_label": "auth", "model": "user"}}, {"model": "contenttypes.contenttype", "pk": 5, "fields": {"app_label": "contenttypes", "model": "contenttype"}}, {"model": "contenttypes.contenttype", "pk": 6, "fields": {"app_label": "sessions", "model": "session"}}, {"model": "contenttypes.contenttype", "pk": 7, "fields": {"app_label": "products", "model": "product"}}, {"model": "contenttypes.contenttype", "pk": 8, "fields": {"app_label": "carts", "model": "cartitem"}}, {"model": "contenttypes.contenttype", "pk": 9, "fields": {"app_label": "carts", "model": "cart"}}, {"model": "contenttypes.contenttype", "pk": 10, "fields": {"app_label": "orders", "model": "usercheckout"}}, {"model": "contenttypes.contenttype", "pk": 11, "fields": {"app_label": "orders", "model": "useraddress"}}, {"model": "contenttypes.contenttype", "pk": 12, "fields": {"app_label": "orders", "model": "order"}}, {"model": "contenttypes.contenttype", "pk": 13, "fields": {"app_label": "sites", "model": "site"}}, {"model": "contenttypes.contenttype", "pk": 14, "fields": {"app_label": "login", "model": "signup"}}, {"model": "contenttypes.contenttype", "pk": 15, "fields": {"app_label": "registration", "model": "registrationprofile"}}, {"model": "sessions.session", "pk": "0fqv3necgy52wya5xqelp8nuzbau7z1u", "fields": {"session_data": "OTkwMDgxOGQ5ZmQzODliMTg0NGQ4N2EyMjFlYzg4M2VmYzk2ZDkyYjp7Im9yZGVyX2lkIjozLCJ1c2VyX2NoZWNrb3V0X2lkIjoxLCJjYXJ0X2lkIjoxMiwiX3Nlc3Npb25fZXhwaXJ5IjowLCJjYXJ0X2l0ZW1fY291bnQiOjF9", "expire_date": "2017-11-15T11:02:11.394Z"}}, {"model": "sessions.session", "pk": "15kwgf9q06mscisr95kvx5lhon21ihr5", "fields": {"session_data": "OTI3ZGFiM2ZhOTVmNTk4OWYwODkwNDY0ZGI4Nzk2NjZlMjZhNGRiMzp7ImNhcnRfaXRlbV9jb3VudCI6MH0=", "expire_date": "2017-11-16T14:26:04.845Z"}}, {"model": "sessions.session", "pk": "1834ofl6vzhmlqxm6l2hwndcfeyww0nu", "fields": {"session_data": "MjVjMWZmNjEyNWE3NzhjY2FjODgwZTMxZjEyNWIzOWEzYTE5ZTRiMTp7InVzZXJfY2hlY2tvdXRfaWQiOjEsIl9zZXNzaW9uX2V4cGlyeSI6MCwiY2FydF9pdGVtX2NvdW50IjowfQ==", "expire_date": "2017-11-15T16:21:04.719Z"}}, {"model": "sessions.session", "pk": "1ptpr45ypcy6ehbq2wkl2y6z7udu71z0", "fields": {"session_data": "OTFiMzMzNzRjMWY0M2EzNGU4OTMzNjU1ZDIwNTY0ZjAzNzQ2ZDkzMzp7Il9hdXRoX3VzZXJfaGFzaCI6IjIzYjA5YWZiYmNkYTAyZWY0MDgzZmY0NzE4NzAwYmFhYjBmYjY0YTIiLCJfYXV0aF91c2VyX2lkIjoiMSIsIl9hdXRoX3VzZXJfYmFja2VuZCI6ImRqYW5nby5jb250cmliLmF1dGguYmFja2VuZHMuTW9kZWxCYWNrZW5kIiwiY2FydF9pdGVtX2NvdW50IjowfQ==", "expire_date": "2017-11-17T16:33:57.271Z"}}, {"model": "sessions.session", "pk": "2kg6mytbwdpwdy4c49fta8oqw3xo1q91", "fields": {"session_data": "OTI3ZGFiM2ZhOTVmNTk4OWYwODkwNDY0ZGI4Nzk2NjZlMjZhNGRiMzp7ImNhcnRfaXRlbV9jb3VudCI6MH0=", "expire_date": "2017-11-17T07:53:57.068Z"}}, {"model": "sessions.session", "pk": "3vylg3nesdb2zgwwahjq0188r034xwuo", "fields": {"session_data": "NTQ1NGFjOThiNzk3MjdiM2Q5MzVjMDkwNzkwMGQ3OGIzNmIyYWJlNzp7Il9hdXRoX3VzZXJfaWQiOiIxIiwib3JkZXJfaWQiOjEsIl9hdXRoX3VzZXJfYmFja2VuZCI6ImRqYW5nby5jb250cmliLmF1dGguYmFja2VuZHMuTW9kZWxCYWNrZW5kIiwiX3Nlc3Npb25fZXhwaXJ5IjowLCJjYXJ0X2l0ZW1fY291bnQiOjEsInVzZXJfY2hlY2tvdXRfaWQiOjEsIl9hdXRoX3VzZXJfaGFzaCI6IjIzYjA5YWZiYmNkYTAyZWY0MDgzZmY0NzE4NzAwYmFhYjBmYjY0YTIiLCJjYXJ0X2lkIjoxMH0=", "expire_date": "2017-11-15T13:58:10.377Z"}}, {"model": "sessions.session", "pk": "4g4ro23akjpqlf6wt3gdxlju7vkaupte", "fields": {"session_data": "ODRiNzkzNmM5ODc0OGUzMGJlNzllMjdkYTMzM2Q1MWYwNGUyMGI4Mjp7ImNhcnRfaWQiOjcsIl9zZXNzaW9uX2V4cGlyeSI6MH0=", "expire_date": "2017-11-14T13:27:53.340Z"}}, {"model": "sessions.session", "pk": "5jp1llpmxxkgku6sxyinb9f4xke1p7hl", "fields": {"session_data": "ODg3MjExODI2YTk0ZmVkZWI2NGQxZjk0MDkzYTU5NmM3N2EyNDUxODp7Il9hdXRoX3VzZXJfaWQiOiIxIiwiX2F1dGhfdXNlcl9iYWNrZW5kIjoiZGphbmdvLmNvbnRyaWIuYXV0aC5iYWNrZW5kcy5Nb2RlbEJhY2tlbmQiLCJfc2Vzc2lvbl9leHBpcnkiOjAsImNhcnRfaXRlbV9jb3VudCI6MCwidXNlcl9jaGVja291dF9pZCI6MywiX2F1dGhfdXNlcl9oYXNoIjoiMjNiMDlhZmJiY2RhMDJlZjQwODNmZjQ3MTg3MDBiYWFiMGZiNjRhMiJ9", "expire_date": "2017-11-15T16:27:15.128Z"}}, {"model": "sessions.session", "pk": "5rxuhrrp86lew790c0i00l8st5kb5g03", "fields": {"session_data": "OTAxN2FhYWY2ZDZjMzgzNjYwZTY3N2RlZjE5ZmIzOGVkMTU3MmVhNDp7Im9yZGVyX2lkIjoxNiwiY2FydF9pZCI6MjUsIl9zZXNzaW9uX2V4cGlyeSI6MCwiY2FydF9pdGVtX2NvdW50IjoxfQ==", "expire_date": "2017-11-16T01:11:53.283Z"}}, {"model": "sessions.session", "pk": "6a2ryxs5fqsadviejloqlxd1nviuap0c", "fields": {"session_data": "ZjY2NzU1N2VjODgzYTQ4ZWRkZTVjZGQxMzE2MzE3OTY5ZGY1ZjhhYTp7ImNhcnRfaWQiOjgsIl9zZXNzaW9uX2V4cGlyeSI6MCwiY2FydF9pdGVtX2NvdW50IjoxfQ==", "expire_date": "2017-11-14T14:27:37.552Z"}}, {"model": "sessions.session", "pk": "7a2satwy4rshvhohkdhlm6lx4ue0jn3h", "fields": {"session_data": "MDBkNjk2Mjk1ZTMzYTFhODhmM2NiZDI5ZTJkNjAyZjUyYTg4ZDI1NDp7Im9yZGVyX2lkIjo0LCJ1c2VyX2NoZWNrb3V0X2lkIjoxLCJjYXJ0X2lkIjoxMywiX3Nlc3Npb25fZXhwaXJ5IjowLCJjYXJ0X2l0ZW1fY291bnQiOjF9", "expire_date": "2017-11-15T11:16:35.577Z"}}, {"model": "sessions.session", "pk": "9k4ftgpctdxgsi2b84k0mrjc4dp8wr4u", "fields": {"session_data": "ZWM2OTBiMmUyNGMyYjI0MDA2ZTZlNGRlNGIxNzZmNmMyNDgyZGYwZTp7ImNhcnRfaWQiOjEsIl9zZXNzaW9uX2V4cGlyeSI6MH0=", "expire_date": "2017-11-13T11:40:06.082Z"}}, {"model": "sessions.session", "pk": "9zdsenh3fsys3mg3eiv4few1ws4gv84e", "fields": {"session_data": "NjhjMTIzZDIwZGZiNWE4ODMwOTEwYTE1YWQ1MTZiNDFmYTZkYmE4ODp7ImNhcnRfaWQiOjUsIl9zZXNzaW9uX2V4cGlyeSI6MH0=", "expire_date": "2017-11-14T13:55:45.169Z"}}, {"model": "sessions.session", "pk": "bntrwhm8nstgcd4rr7gf07qorowf2b8u", "fields": {"session_data": "NGZkNWMyMWFmM2M4YmRmMDE4YWZhZjg2NzFmZjg5YzM4OTE2YjY0Njp7Il9hdXRoX3VzZXJfaGFzaCI6ImY0YzhkNGEzYmQwNWM0MjYxMDdhNjdkYTliYWZlYjYyNjZjNDZjZDgiLCJfYXV0aF91c2VyX2JhY2tlbmQiOiJkamFuZ28uY29udHJpYi5hdXRoLmJhY2tlbmRzLk1vZGVsQmFja2VuZCIsIl9hdXRoX3VzZXJfaWQiOiIxIn0=", "expire_date": "2017-11-10T09:43:41.599Z"}}, {"model": "sessions.session", "pk": "cadcd2v9t29vv9oabw8qtzqtpkolea5q", "fields": {"session_data": "OTI3ZGFiM2ZhOTVmNTk4OWYwODkwNDY0ZGI4Nzk2NjZlMjZhNGRiMzp7ImNhcnRfaXRlbV9jb3VudCI6MH0=", "expire_date": "2017-11-16T16:24:02.431Z"}}, {"model": "sessions.session", "pk": "caj3gvx5esjhd919harsofsmpd3mzxm6", "fields": {"session_data": "OTI3ZGFiM2ZhOTVmNTk4OWYwODkwNDY0ZGI4Nzk2NjZlMjZhNGRiMzp7ImNhcnRfaXRlbV9jb3VudCI6MH0=", "expire_date": "2017-11-17T08:01:47.988Z"}}, {"model": "sessions.session", "pk": "cmjo0fyg788kbf43q5fi9l40xhsrxhvy", "fields": {"session_data": "NGZkNWMyMWFmM2M4YmRmMDE4YWZhZjg2NzFmZjg5YzM4OTE2YjY0Njp7Il9hdXRoX3VzZXJfaGFzaCI6ImY0YzhkNGEzYmQwNWM0MjYxMDdhNjdkYTliYWZlYjYyNjZjNDZjZDgiLCJfYXV0aF91c2VyX2JhY2tlbmQiOiJkamFuZ28uY29udHJpYi5hdXRoLmJhY2tlbmRzLk1vZGVsQmFja2VuZCIsIl9hdXRoX3VzZXJfaWQiOiIxIn0=", "expire_date": "2017-11-11T07:34:31.857Z"}}, {"model": "sessions.session", "pk": "d6ue050ygb3dntw5eielleh6coqjct5a", "fields": {"session_data": "OTFmYTMwMGQ0NzljZjBlNzRjMDk1MGZjMmM2NTRmOTE2YzIzMjhjNjp7ImNhcnRfaWQiOjIsIl9zZXNzaW9uX2V4cGlyeSI6MH0=", "expire_date": "2017-11-13T16:06:28.850Z"}}, {"model": "sessions.session", "pk": "j5pmcyd6ew6f4ye3yvdn1j5xow9oj7nn", "fields": {"session_data": "NGZkNWMyMWFmM2M4YmRmMDE4YWZhZjg2NzFmZjg5YzM4OTE2YjY0Njp7Il9hdXRoX3VzZXJfaGFzaCI6ImY0YzhkNGEzYmQwNWM0MjYxMDdhNjdkYTliYWZlYjYyNjZjNDZjZDgiLCJfYXV0aF91c2VyX2JhY2tlbmQiOiJkamFuZ28uY29udHJpYi5hdXRoLmJhY2tlbmRzLk1vZGVsQmFja2VuZCIsIl9hdXRoX3VzZXJfaWQiOiIxIn0=", "expire_date": "2017-11-11T04:46:28.608Z"}}, {"model": "sessions.session", "pk": "jitgz0yacfy5812mxkobh72q611a2tep", "fields": {"session_data": "YTIwNDg0OTA1MDIyNzgwMDUyNDE4NDVmMmQ4NTdlYjI3NzFiZDJjNDp7Im9yZGVyX2lkIjo1LCJ1c2VyX2NoZWNrb3V0X2lkIjoxLCJjYXJ0X2lkIjoxNCwiX3Nlc3Npb25fZXhwaXJ5IjowLCJjYXJ0X2l0ZW1fY291bnQiOjF9", "expire_date": "2017-11-15T13:50:50.531Z"}}, {"model": "sessions.session", "pk": "jolpw6z41hjwczf3vnnpdzpm1dnsj054", "fields": {"session_data": "MWI4YzllNGI4ZjgwNmRiZTEwMjJmM2QyMmNlYjIxZWZiZjBjZWJmMzp7ImNhcnRfaWQiOjYsIl9zZXNzaW9uX2V4cGlyeSI6MH0=", "expire_date": "2017-11-14T12:49:34.579Z"}}, {"model": "sessions.session", "pk": "jzm9oflcq1qherpacseefo9mhabvg0yp", "fields": {"session_data": "Nzc4MGRhYjVlZGMxNTk3NGMxNGI4YjZmMDY2MjI0NWY4ZmY3ZDVlMTp7Il9hdXRoX3VzZXJfaGFzaCI6IjAyYjI0NTU0YTg0NjNiN2Y4NTlhZTE3MmU5NTg0MzI2Y2YxNTc1YjYiLCJfYXV0aF91c2VyX2JhY2tlbmQiOiJkamFuZ28uY29udHJpYi5hdXRoLmJhY2tlbmRzLk1vZGVsQmFja2VuZCIsIl9hdXRoX3VzZXJfaWQiOiIzIiwiY2FydF9pdGVtX2NvdW50IjowfQ==", "expire_date": "2017-11-17T14:12:13.033Z"}}, {"model": "sessions.session", "pk": "kqkudhyvh73y4fcn4qhl4kjnfsjpws91", "fields": {"session_data": "OTI3ZGFiM2ZhOTVmNTk4OWYwODkwNDY0ZGI4Nzk2NjZlMjZhNGRiMzp7ImNhcnRfaXRlbV9jb3VudCI6MH0=", "expire_date": "2017-11-16T09:05:02.664Z"}}, {"model": "sessions.session", "pk": "ok3nmoe9jnuq0hxhb030516nvqo3cc7v", "fields": {"session_data": "NTRkZGY3YTRhNjMzMmJkNjZkMGJhYmFmMzM2OTIwZjQ2Y2NmMzhmMDp7ImNhcnRfaWQiOjQsIl9zZXNzaW9uX2V4cGlyeSI6MH0=", "expire_date": "2017-11-14T09:12:44.865Z"}}, {"model": "sessions.session", "pk": "owmk9jzv9ei7gdb7twhzeu59lx4djeu7", "fields": {"session_data": "ODZiMjc5ZTlkNjcyZTg4MTk3MzBiMDk1OTAyN2VjYmRjNzZhZTJkMTp7ImNhcnRfaWQiOjMsIl9zZXNzaW9uX2V4cGlyeSI6MH0=", "expire_date": "2017-11-14T08:50:44.008Z"}}, {"model": "sessions.session", "pk": "pg06ehhuradq9xukkvhzc6zu7uxi3q8a", "fields": {"session_data": "OTI3ZGFiM2ZhOTVmNTk4OWYwODkwNDY0ZGI4Nzk2NjZlMjZhNGRiMzp7ImNhcnRfaXRlbV9jb3VudCI6MH0=", "expire_date": "2017-11-17T00:57:08.038Z"}}, {"model": "sessions.session", "pk": "phcdm2o3mawz5ou7446pj83odtw0m5r8", "fields": {"session_data": "ZjU2YWZmMzVkMTgwOGE3ODc3ZjNiMjBlNDc5NWUzOTYxNjliYzFjNzp7Il9hdXRoX3VzZXJfaGFzaCI6IjIzYjA5YWZiYmNkYTAyZWY0MDgzZmY0NzE4NzAwYmFhYjBmYjY0YTIiLCJfYXV0aF91c2VyX2JhY2tlbmQiOiJkamFuZ28uY29udHJpYi5hdXRoLmJhY2tlbmRzLk1vZGVsQmFja2VuZCIsIl9hdXRoX3VzZXJfaWQiOiIxIiwiY2FydF9pdGVtX2NvdW50IjowfQ==", "expire_date": "2017-11-17T02:19:47.471Z"}}, {"model": "sessions.session", "pk": "pjsutzxml3ph0jsvgrtzk9t28o7gfx2p", "fields": {"session_data": "OGRhN2Q3MDAzZmZiMzczYTZjOTdhMDJlYzFhYjc4NjA1ZmE5MGM3YTp7Im9yZGVyX2lkIjoyLCJ1c2VyX2NoZWNrb3V0X2lkIjoyLCJjYXJ0X2lkIjoxMSwiX3Nlc3Npb25fZXhwaXJ5IjowLCJjYXJ0X2l0ZW1fY291bnQiOjF9", "expire_date": "2017-11-15T10:45:07.659Z"}}, {"model": "sessions.session", "pk": "plxz4k3nxb1pf3fsxgkrwnolgeuv56u2", "fields": {"session_data": "ZjU2YWZmMzVkMTgwOGE3ODc3ZjNiMjBlNDc5NWUzOTYxNjliYzFjNzp7Il9hdXRoX3VzZXJfaGFzaCI6IjIzYjA5YWZiYmNkYTAyZWY0MDgzZmY0NzE4NzAwYmFhYjBmYjY0YTIiLCJfYXV0aF91c2VyX2JhY2tlbmQiOiJkamFuZ28uY29udHJpYi5hdXRoLmJhY2tlbmRzLk1vZGVsQmFja2VuZCIsIl9hdXRoX3VzZXJfaWQiOiIxIiwiY2FydF9pdGVtX2NvdW50IjowfQ==", "expire_date": "2017-11-16T16:17:34.026Z"}}, {"model": "sessions.session", "pk": "q1swrtbi90a9gn1dukyrfyycrjujyh61", "fields": {"session_data": "NmNmNGM4NjY1MGI5MjI0NzA4N2E4N2ZhNzc2ZTg4ZTI1ZjhmYTNlYTp7Im9yZGVyX2lkIjoxMSwidXNlcl9jaGVja291dF9pZCI6MSwiY2FydF9pZCI6MjAsIl9zZXNzaW9uX2V4cGlyeSI6MCwiY2FydF9pdGVtX2NvdW50IjoxfQ==", "expire_date": "2017-11-15T16:11:26.827Z"}}, {"model": "sessions.session", "pk": "qsto9v46e59rq9tf5qg7aw8013q5hyp4", "fields": {"session_data": "OTI3ZGFiM2ZhOTVmNTk4OWYwODkwNDY0ZGI4Nzk2NjZlMjZhNGRiMzp7ImNhcnRfaXRlbV9jb3VudCI6MH0=", "expire_date": "2017-11-17T08:02:55.766Z"}}, {"model": "sessions.session", "pk": "qtpb1hlvbtip28x5qiyxq51vwgc4wdr2", "fields": {"session_data": "YTY4MTE2YjRkNTE5ZTQ1OGMxMDJkY2RjNjgzOTI3YjhiNTVmNDUzMzp7Il9hdXRoX3VzZXJfaWQiOiIxIiwib3JkZXJfaWQiOjE4LCJfYXV0aF91c2VyX2JhY2tlbmQiOiJkamFuZ28uY29udHJpYi5hdXRoLmJhY2tlbmRzLk1vZGVsQmFja2VuZCIsIl9zZXNzaW9uX2V4cGlyeSI6MCwiY2FydF9pdGVtX2NvdW50IjoxLCJ1c2VyX2NoZWNrb3V0X2lkIjozLCJfYXV0aF91c2VyX2hhc2giOiIyM2IwOWFmYmJjZGEwMmVmNDA4M2ZmNDcxODcwMGJhYWIwZmI2NGEyIiwiY2FydF9pZCI6Mjd9", "expire_date": "2017-11-17T08:50:38.773Z"}}, {"model": "sessions.session", "pk": "resydwn0rulcpjhrd82ui5nv9fevdnyu", "fields": {"session_data": "YWUyYTQwOWEyM2UzZDE5NzY4OWI1NmQxNjk5MTgzOWY4NWFkMmNjMDp7ImNhcnRfaWQiOjksIl9zZXNzaW9uX2V4cGlyeSI6MCwiY2FydF9pdGVtX2NvdW50IjoxfQ==", "expire_date": "2017-11-14T16:17:27.471Z"}}, {"model": "sessions.session", "pk": "uey6wx4y29z74t86ou3xb89blerhudke", "fields": {"session_data": "NGZkNWMyMWFmM2M4YmRmMDE4YWZhZjg2NzFmZjg5YzM4OTE2YjY0Njp7Il9hdXRoX3VzZXJfaGFzaCI6ImY0YzhkNGEzYmQwNWM0MjYxMDdhNjdkYTliYWZlYjYyNjZjNDZjZDgiLCJfYXV0aF91c2VyX2JhY2tlbmQiOiJkamFuZ28uY29udHJpYi5hdXRoLmJhY2tlbmRzLk1vZGVsQmFja2VuZCIsIl9hdXRoX3VzZXJfaWQiOiIxIn0=", "expire_date": "2017-11-11T04:55:29.000Z"}}, {"model": "sessions.session", "pk": "w0vab6uq45rhpnhtox1pb92ngbojnf1w", "fields": {"session_data": "OTI3ZGFiM2ZhOTVmNTk4OWYwODkwNDY0ZGI4Nzk2NjZlMjZhNGRiMzp7ImNhcnRfaXRlbV9jb3VudCI6MH0=", "expire_date": "2017-11-15T11:01:20.702Z"}}, {"model": "sessions.session", "pk": "whqgmyx4catx6zylr1j5h4u2a90gwzmb", "fields": {"session_data": "ZjU2YWZmMzVkMTgwOGE3ODc3ZjNiMjBlNDc5NWUzOTYxNjliYzFjNzp7Il9hdXRoX3VzZXJfaGFzaCI6IjIzYjA5YWZiYmNkYTAyZWY0MDgzZmY0NzE4NzAwYmFhYjBmYjY0YTIiLCJfYXV0aF91c2VyX2JhY2tlbmQiOiJkamFuZ28uY29udHJpYi5hdXRoLmJhY2tlbmRzLk1vZGVsQmFja2VuZCIsIl9hdXRoX3VzZXJfaWQiOiIxIiwiY2FydF9pdGVtX2NvdW50IjowfQ==", "expire_date": "2017-11-17T14:30:35.476Z"}}, {"model": "sessions.session", "pk": "y378hiu5yuz7hp3rl3pe9zquyl2kkaml", "fields": {"session_data": "Yjg5ZThlMmUwZjg5MDVmNTYzNmFhNTVlZWZiM2IzNDhkYTk2ZTQ2Yzp7InVzZXJfY2hlY2tvdXRfaWQiOjEsIm9yZGVyX2lkIjoxNSwiY2FydF9pZCI6MjQsIl9zZXNzaW9uX2V4cGlyeSI6MCwiY2FydF9pdGVtX2NvdW50IjowfQ==", "expire_date": "2017-11-16T01:41:23.895Z"}}, {"model": "sessions.session", "pk": "yvwm5qp1ythx6t0ok01sne2jypb62w65", "fields": {"session_data": "OTI3ZGFiM2ZhOTVmNTk4OWYwODkwNDY0ZGI4Nzk2NjZlMjZhNGRiMzp7ImNhcnRfaXRlbV9jb3VudCI6MH0=", "expire_date": "2017-11-17T02:03:41.565Z"}}, {"model": "sessions.session", "pk": "z3t4xmfa6bhio4br4zg0xfvvd8nsdkmk", "fields": {"session_data": "OTI3ZGFiM2ZhOTVmNTk4OWYwODkwNDY0ZGI4Nzk2NjZlMjZhNGRiMzp7ImNhcnRfaXRlbV9jb3VudCI6MH0=", "expire_date": "2017-11-17T09:50:39.287Z"}}, {"model": "sites.site", "pk": 1, "fields": {"domain": "example.com", "name": "example.com"}}, {"model": "sites.site", "pk": 2, "fields": {"domain": "foo.com", "name": "foo.com"}}, {"model": "products.product", "pk": 1, "fields": {"name": "page", "image": "Others/page.jpeg", "slug": "page", "category": "Others", "brand": "Others", "rate": "10.00", "quantity": 5, "description": "Just a page", "updated": "2017-10-27T09:51:21.246Z", "timestamp": "2017-10-27T09:51:21.246Z"}}, {"model": "products.product", "pk": 2, "fields": {"name": "page", "image": "Others/page.png", "slug": "page-1", "category": "Others", "brand": "Others", "rate": "50.00", "quantity": 2, "description": "Another page. 1", "updated": "2017-10-27T11:21:39.176Z", "timestamp": "2017-10-27T09:52:28.884Z"}}, {"model": "products.product", "pk": 3, "fields": {"name": "page", "image": "Others/page_aVFetCB.png", "slug": "page-None", "category": "Others", "brand": "Others", "rate": "5.00", "quantity": 1, "description": "ER Diagram. 1", "updated": "2017-10-27T11:21:32.108Z", "timestamp": "2017-10-27T09:56:33.959Z"}}, {"model": "products.product", "pk": 4, "fields": {"name": "page", "image": "Others/page_CCBVp6y.png", "slug": "page-1-2", "category": "Others", "brand": "Others", "rate": "4.00", "quantity": 10, "description": "Entities. 1", "updated": "2017-10-27T11:21:23.708Z", "timestamp": "2017-10-27T10:02:20.074Z"}}, {"model": "products.product", "pk": 5, "fields": {"name": "xyz", "image": "Others/xyz.png", "slug": "xyz", "category": "Others", "brand": "Others", "rate": "100.00", "quantity": 16, "description": "xyz xyz", "updated": "2017-10-28T07:34:46.098Z", "timestamp": "2017-10-28T04:48:08.497Z"}}, {"model": "carts.cartitem", "pk": 3, "fields": {"cart": 2, "item": 2, "quantity": 2, "line_item_total": null}}, {"model": "carts.cartitem", "pk": 4, "fields": {"cart": 2, "item": 3, "quantity": 4, "line_item_total": null}}, {"model": "carts.cartitem", "pk": 5, "fields": {"cart": 2, "item": 5, "quantity": 1, "line_item_total": null}}, {"model": "carts.cartitem", "pk": 8, "fields": {"cart": 4, "item": 5, "quantity": 1, "line_item_total": "100.00"}}, {"model": "carts.cartitem", "pk": 11, "fields": {"cart": 6, "item": 5, "quantity": 1, "line_item_total": "100.00"}}, {"model": "carts.cartitem", "pk": 14, "fields": {"cart": 7, "item": 5, "quantity": 1, "line_item_total": "100.00"}}, {"model": "carts.cartitem", "pk": 27, "fields": {"cart": 8, "item": 5, "quantity": 6, "line_item_total": "600.00"}}, {"model": "carts.cartitem", "pk": 28, "fields": {"cart": 9, "item": 5, "quantity": 4, "line_item_total": "400.00"}}, {"model": "carts.cartitem", "pk": 29, "fields": {"cart": 10, "item": 5, "quantity": 7, "line_item_total": "700.00"}}, {"model": "carts.cartitem", "pk": 30, "fields": {"cart": 11, "item": 2, "quantity": 3, "line_item_total": "150.00"}}, {"model": "carts.cartitem", "pk": 31, "fields": {"cart": 12, "item": 2, "quantity": 1, "line_item_total": "50.00"}}, {"model": "carts.cartitem", "pk": 32, "fields": {"cart": 13, "item": 2, "quantity": 1, "line_item_total": "50.00"}}, {"model": "carts.cartitem", "pk": 33, "fields": {"cart": 14, "item": 2, "quantity": 5, "line_item_total": "250.00"}}, {"model": "carts.cartitem", "pk": 34, "fields": {"cart": 15, "item": 2, "quantity": 1, "line_item_total": "50.00"}}, {"model": "carts.cartitem", "pk": 35, "fields": {"cart": 16, "item": 2, "quantity": 3, "line_item_total": "150.00"}}, {"model": "carts.cartitem", "pk": 36, "fields": {"cart": 17, "item": 2, "quantity": 5, "line_item_total": "250.00"}}, {"model": "carts.cartitem", "pk": 37, "fields": {"cart": 18, "item": 2, "quantity": 3, "line_item_total": "150.00"}}, {"model": "carts.cartitem", "pk": 38, "fields": {"cart": 19, "item": 2, "quantity": 4, "line_item_total": "200.00"}}, {"model": "carts.cartitem", "pk": 39, "fields": {"cart": 20, "item": 2, "quantity": 7, "line_item_total": "350.00"}}, {"model": "carts.cartitem", "pk": 40, "fields": {"cart": 21, "item": 1, "quantity": 4, "line_item_total": "40.00"}}, {"model": "carts.cartitem", "pk": 41, "fields": {"cart": 22, "item": 2, "quantity": 1, "line_item_total": "50.00"}}, {"model": "carts.cartitem", "pk": 42, "fields": {"cart": 23, "item": 3, "quantity": 4, "line_item_total": "20.00"}}, {"model": "carts.cartitem", "pk": 43, "fields": {"cart": 23, "item": 5, "quantity": 3, "line_item_total": "300.00"}}, {"model": "carts.cartitem", "pk": 45, "fields": {"cart": 25, "item": 2, "quantity": 1, "line_item_total": "50.00"}}, {"model": "carts.cartitem", "pk": 46, "fields": {"cart": 26, "item": 2, "quantity": 3, "line_item_total": "150.00"}}, {"model": "carts.cartitem", "pk": 47, "fields": {"cart": 27, "item": 2, "quantity": 1, "line_item_total": "50.00"}}, {"model": "carts.cartitem", "pk": 48, "fields": {"cart": 28, "item": 2, "quantity": 3, "line_item_total": "150.00"}}, {"model": "carts.cartitem", "pk": 49, "fields": {"cart": 29, "item": 5, "quantity": 1, "line_item_total": "100.00"}}, {"model": "carts.cartitem", "pk": 50, "fields": {"cart": 30, "item": 5, "quantity": 1, "line_item_total": "100.00"}}, {"model": "carts.cartitem", "pk": 51, "fields": {"cart": 31, "item": 5, "quantity": 1, "line_item_total": "100.00"}}, {"model": "carts.cartitem", "pk": 52, "fields": {"cart": 32, "item": 2, "quantity": 1, "line_item_total": "50.00"}}, {"model": "carts.cartitem", "pk": 53, "fields": {"cart": 33, "item": 5, "quantity": 1, "line_item_total": "100.00"}}, {"model": "carts.cartitem", "pk": 54, "fields": {"cart": 34, "item": 5, "quantity": 1, "line_item_total": "100.00"}}, {"model": "carts.cartitem", "pk": 55, "fields": {"cart": 35, "item": 2, "quantity": 1, "line_item_total": "50.00"}}, {"model": "carts.cartitem", "pk": 56, "fields": {"cart": 36, "item": 5, "quantity": 1, "line_item_total": "100.00"}}, {"model": "carts.cartitem", "pk": 57, "fields": {"cart": 37, "item": 2, "quantity": 1, "line_item_total": "50.00"}}, {"model": "carts.cart", "pk": 1, "fields": {"timestamp": "2017-10-30T11:40:06.013Z", "updated": "2017-10-30T11:40:06.013Z", "subtotal": null, "tax_percentage": "0.08500", "tax_total": "25.00", "total": "25.00"}}, {"model": "carts.cart", "pk": 2, "fields": {"timestamp": "2017-10-30T14:01:09.385Z", "updated": "2017-10-30T14:01:09.385Z", "subtotal": null, "tax_percentage": "0.08500", "tax_total": "25.00", "total": "25.00"}}, {"model": "carts.cart", "pk": 3, "fields": {"timestamp": "2017-10-30T16:26:37.630Z", "updated": "2017-10-31T08:50:32.489Z", "subtotal": "100.00", "tax_percentage": "0.08500", "tax_total": "25.00", "total": "25.00"}}, {"model": "carts.cart", "pk": 4, "fields": {"timestamp": "2017-10-31T09:11:17.820Z", "updated": "2017-10-31T09:12:44.856Z", "subtotal": "100.00", "tax_percentage": "0.08500", "tax_total": "25.00", "total": "25.00"}}, {"model": "carts.cart", "pk": 5, "fields": {"timestamp": "2017-10-31T09:28:18.945Z", "updated": "2017-10-31T13:55:40.021Z", "subtotal": "0.00", "tax_percentage": "0.08500", "tax_total": "25.00", "total": "25.00"}}, {"model": "carts.cart", "pk": 6, "fields": {"timestamp": "2017-10-31T12:49:15.271Z", "updated": "2017-10-31T12:49:31.747Z", "subtotal": "100.00", "tax_percentage": "0.08500", "tax_total": "25.00", "total": "25.00"}}, {"model": "carts.cart", "pk": 7, "fields": {"timestamp": "2017-10-31T13:27:31.790Z", "updated": "2017-10-31T13:27:50.619Z", "subtotal": "100.00", "tax_percentage": "0.08500", "tax_total": "25.00", "total": "25.00"}}, {"model": "carts.cart", "pk": 8, "fields": {"timestamp": "2017-10-31T14:10:34.028Z", "updated": "2017-10-31T14:27:37.513Z", "subtotal": "600.00", "tax_percentage": "0.08500", "tax_total": "51.00", "total": "651.00"}}, {"model": "carts.cart", "pk": 9, "fields": {"timestamp": "2017-10-31T14:53:26.992Z", "updated": "2017-10-31T14:53:34.532Z", "subtotal": "400.00", "tax_percentage": "0.07500", "tax_total": "30.00", "total": "430.00"}}, {"model": "carts.cart", "pk": 10, "fields": {"timestamp": "2017-10-31T17:00:34.439Z", "updated": "2017-11-01T10:43:10.467Z", "subtotal": "700.00", "tax_percentage": "0.07500", "tax_total": "52.50", "total": "752.50"}}, {"model": "carts.cart", "pk": 11, "fields": {"timestamp": "2017-11-01T10:44:10.670Z", "updated": "2017-11-01T10:45:02.170Z", "subtotal": "150.00", "tax_percentage": "0.07500", "tax_total": "11.25", "total": "161.25"}}, {"model": "carts.cart", "pk": 12, "fields": {"timestamp": "2017-11-01T11:01:46.054Z", "updated": "2017-11-01T11:01:54.513Z", "subtotal": "50.00", "tax_percentage": "0.07500", "tax_total": "3.75", "total": "53.75"}}, {"model": "carts.cart", "pk": 13, "fields": {"timestamp": "2017-11-01T11:16:09.205Z", "updated": "2017-11-01T11:16:09.242Z", "subtotal": "50.00", "tax_percentage": "0.07500", "tax_total": "3.75", "total": "53.75"}}, {"model": "carts.cart", "pk": 14, "fields": {"timestamp": "2017-11-01T13:49:55.650Z", "updated": "2017-11-01T13:49:55.691Z", "subtotal": "250.00", "tax_percentage": "0.07500", "tax_total": "18.75", "total": "268.75"}}, {"model": "carts.cart", "pk": 15, "fields": {"timestamp": "2017-11-01T14:08:35.458Z", "updated": "2017-11-01T14:08:35.497Z", "subtotal": "50.00", "tax_percentage": "0.07500", "tax_total": "3.75", "total": "53.75"}}, {"model": "carts.cart", "pk": 16, "fields": {"timestamp": "2017-11-01T14:09:13.453Z", "updated": "2017-11-01T14:16:19.506Z", "subtotal": "150.00", "tax_percentage": "0.07500", "tax_total": "11.25", "total": "161.25"}}, {"model": "carts.cart", "pk": 17, "fields": {"timestamp": "2017-11-01T14:17:02.677Z", "updated": "2017-11-01T15:48:00.182Z", "subtotal": "250.00", "tax_percentage": "0.07500", "tax_total": "18.75", "total": "268.75"}}, {"model": "carts.cart", "pk": 18, "fields": {"timestamp": "2017-11-01T15:48:15.465Z", "updated": "2017-11-01T16:01:02.774Z", "subtotal": "150.00", "tax_percentage": "0.07500", "tax_total": "11.25", "total": "161.25"}}, {"model": "carts.cart", "pk": 19, "fields": {"timestamp": "2017-11-01T16:05:38.035Z", "updated": "2017-11-01T16:09:57.647Z", "subtotal": "200.00", "tax_percentage": "0.07500", "tax_total": "15.00", "total": "215.00"}}, {"model": "carts.cart", "pk": 20, "fields": {"timestamp": "2017-11-01T16:10:31.812Z", "updated": "2017-11-01T16:10:38.322Z", "subtotal": "350.00", "tax_percentage": "0.07500", "tax_total": "26.25", "total": "376.25"}}, {"model": "carts.cart", "pk": 21, "fields": {"timestamp": "2017-11-01T16:19:54.431Z", "updated": "2017-11-01T16:19:54.467Z", "subtotal": "40.00", "tax_percentage": "0.07500", "tax_total": "3.00", "total": "43.00"}}, {"model": "carts.cart", "pk": 22, "fields": {"timestamp": "2017-11-02T00:58:44.297Z", "updated": "2017-11-02T00:59:01.790Z", "subtotal": "50.00", "tax_percentage": "0.07500", "tax_total": "3.75", "total": "53.75"}}, {"model": "carts.cart", "pk": 23, "fields": {"timestamp": "2017-11-02T01:00:27.983Z", "updated": "2017-11-02T01:00:52.923Z", "subtotal": "320.00", "tax_percentage": "0.07500", "tax_total": "24.00", "total": "344.00"}}, {"model": "carts.cart", "pk": 24, "fields": {"timestamp": "2017-11-02T01:11:03.786Z", "updated": "2017-11-02T01:41:17.406Z", "subtotal": "0.00", "tax_percentage": "0.07500", "tax_total": "0.00", "total": "0.00"}}, {"model": "carts.cart", "pk": 25, "fields": {"timestamp": "2017-11-02T01:11:44.947Z", "updated": "2017-11-02T01:11:44.985Z", "subtotal": "50.00", "tax_percentage": "0.07500", "tax_total": "3.75", "total": "53.75"}}, {"model": "carts.cart", "pk": 26, "fields": {"timestamp": "2017-11-03T08:42:35.972Z", "updated": "2017-11-03T08:42:47.659Z", "subtotal": "150.00", "tax_percentage": "0.07500", "tax_total": "11.25", "total": "161.25"}}, {"model": "carts.cart", "pk": 27, "fields": {"timestamp": "2017-11-03T08:50:17.661Z", "updated": "2017-11-03T08:50:17.700Z", "subtotal": "50.00", "tax_percentage": "0.07500", "tax_total": "3.75", "total": "53.75"}}, {"model": "carts.cart", "pk": 28, "fields": {"timestamp": "2017-11-03T09:51:00.271Z", "updated": "2017-11-03T09:51:00.313Z", "subtotal": "150.00", "tax_percentage": "0.07500", "tax_total": "11.25", "total": "161.25"}}, {"model": "carts.cart", "pk": 29, "fields": {"timestamp": "2017-11-03T09:53:35.095Z", "updated": "2017-11-03T09:53:44.915Z", "subtotal": "100.00", "tax_percentage": "0.07500", "tax_total": "7.50", "total": "107.50"}}, {"model": "carts.cart", "pk": 30, "fields": {"timestamp": "2017-11-03T10:00:20.020Z", "updated": "2017-11-03T10:00:20.064Z", "subtotal": "100.00", "tax_percentage": "0.07500", "tax_total": "7.50", "total": "107.50"}}, {"model": "carts.cart", "pk": 31, "fields": {"timestamp": "2017-11-03T10:06:18.740Z", "updated": "2017-11-03T10:06:18.782Z", "subtotal": "100.00", "tax_percentage": "0.07500", "tax_total": "7.50", "total": "107.50"}}, {"model": "carts.cart", "pk": 32, "fields": {"timestamp": "2017-11-03T10:11:15.976Z", "updated": "2017-11-03T10:11:16.018Z", "subtotal": "50.00", "tax_percentage": "0.07500", "tax_total": "3.75", "total": "53.75"}}, {"model": "carts.cart", "pk": 33, "fields": {"timestamp": "2017-11-03T10:25:42.666Z", "updated": "2017-11-03T10:26:08.506Z", "subtotal": "100.00", "tax_percentage": "0.07500", "tax_total": "7.50", "total": "107.50"}}, {"model": "carts.cart", "pk": 34, "fields": {"timestamp": "2017-11-03T10:36:54.044Z", "updated": "2017-11-03T10:36:54.090Z", "subtotal": "100.00", "tax_percentage": "0.07500", "tax_total": "7.50", "total": "107.50"}}, {"model": "carts.cart", "pk": 35, "fields": {"timestamp": "2017-11-03T10:44:22.004Z", "updated": "2017-11-03T10:44:22.065Z", "subtotal": "50.00", "tax_percentage": "0.07500", "tax_total": "3.75", "total": "53.75"}}, {"model": "carts.cart", "pk": 36, "fields": {"timestamp": "2017-11-03T10:46:19.271Z", "updated": "2017-11-03T10:46:29.237Z", "subtotal": "100.00", "tax_percentage": "0.07500", "tax_total": "7.50", "total": "107.50"}}, {"model": "carts.cart", "pk": 37, "fields": {"timestamp": "2017-11-03T13:58:08.052Z", "updated": "2017-11-03T13:58:08.093Z", "subtotal": "50.00", "tax_percentage": "0.07500", "tax_total": "3.75", "total": "53.75"}}, {"model": "orders.useraddress", "pk": 1, "fields": {"user": 1, "type": "billing", "street": "fcrdscx", "city": "dfcx", "state": "fdcx", "zipcode": "cdsxcz"}}, {"model": "orders.useraddress", "pk": 2, "fields": {"user": 1, "type": "billing", "street": "fcsdxz", "city": "vfd cx", "state": "frcdcx", "zipcode": "fdcds"}}, {"model": "orders.useraddress", "pk": 3, "fields": {"user": 1, "type": "shipping", "street": "cdcx", "city": "cd sx", "state": "cdsxz", "zipcode": "cs dxz"}}, {"model": "orders.useraddress", "pk": 4, "fields": {"user": 1, "type": "billing", "street": "fecdx", "city": "h h", "state": "h  nb", "zipcode": "h hn hn"}}, {"model": "orders.useraddress", "pk": 5, "fields": {"user": 3, "type": "billing", "street": "dwsz", "city": "dwxsa", "state": "dwxsazx", "zipcode": "decds"}}, {"model": "orders.useraddress", "pk": 6, "fields": {"user": 3, "type": "shipping", "street": "des", "city": "dwsxa", "state": "dwsa", "zipcode": "wsx"}}, {"model": "orders.useraddress", "pk": 7, "fields": {"user": 1, "type": "billing", "street": "cedscx", "city": "vara", "state": "csdzx", "zipcode": "cedsxz"}}, {"model": "orders.useraddress", "pk": 8, "fields": {"user": 1, "type": "billing", "street": "vara", "city": "bhu", "state": "x", "zipcode": "injkn"}}, {"model": "orders.useraddress", "pk": 9, "fields": {"user": 3, "type": "shipping", "street": "hello", "city": "cdsxz", "state": "decsaz", "zipcode": "dwxa"}}, {"model": "orders.useraddress", "pk": 10, "fields": {"user": 5, "type": "billing", "street": "cdjsxn", "city": "jnjnj", "state": "jjjjnj", "zipcode": "jnjnj"}}, {"model": "orders.useraddress", "pk": 11, "fields": {"user": 5, "type": "shipping", "street": "nj hn", "city": "h h hn", "state": "j hj hn", "zipcode": "jbhbyv"}}, {"model": "orders.order", "pk": 1, "fields": {"status": "created", "cart": 10, "user": 1, "billing_address": 1, "shipping_address": 3, "shipping_total_price": "5.99", "order_total": "758.49"}}, {"model": "orders.order", "pk": 2, "fields": {"status": "created", "cart": 11, "user": null, "billing_address": null, "shipping_address": null, "shipping_total_price": "5.99", "order_total": "59.74"}}, {"model": "orders.order", "pk": 3, "fields": {"status": "created", "cart": 12, "user": null, "billing_address": null, "shipping_address": null, "shipping_total_price": "5.99", "order_total": "59.74"}}, {"model": "orders.order", "pk": 4, "fields": {"status": "created", "cart": 13, "user": null, "billing_address": null, "shipping_address": null, "shipping_total_price": "5.99", "order_total": "59.74"}}, {"model": "orders.order", "pk": 5, "fields": {"status": "created", "cart": 14, "user": 1, "billing_address": 1, "shipping_address": 3, "shipping_total_price": "5.99", "order_total": "274.74"}}, {"model": "orders.order", "pk": 6, "fields": {"status": "completed", "cart": 15, "user": 1, "billing_address": 1, "shipping_address": 3, "shipping_total_price": "5.99", "order_total": "59.74"}}, {"model": "orders.order", "pk": 7, "fields": {"status": "completed", "cart": 16, "user": 3, "billing_address": 5, "shipping_address": 6, "shipping_total_price": "5.99", "order_total": "167.24"}}, {"model": "orders.order", "pk": 8, "fields": {"status": "completed", "cart": 17, "user": 3, "billing_address": 5, "shipping_address": 6, "shipping_total_price": "5.99", "order_total": "274.74"}}, {"model": "orders.order", "pk": 9, "fields": {"status": "completed", "cart": 18, "user": 3, "billing_address": 5, "shipping_address": 6, "shipping_total_price": "5.99", "order_total": "167.24"}}, {"model": "orders.order", "pk": 10, "fields": {"status": "completed", "cart": 19, "user": 3, "billing_address": 5, "shipping_address": 9, "shipping_total_price": "5.99", "order_total": "220.99"}}, {"model": "orders.order", "pk": 11, "fields": {"status": "created", "cart": 20, "user": null, "billing_address": null, "shipping_address": null, "shipping_total_price": "5.99", "order_total": "382.24"}}, {"model": "orders.order", "pk": 12, "fields": {"status": "completed", "cart": 21, "user": 1, "billing_address": 8, "shipping_address": 3, "shipping_total_price": "5.99", "order_total": "48.99"}}, {"model": "orders.order", "pk": 13, "fields": {"status": "completed", "cart": 22, "user": 1, "billing_address": 1, "shipping_address": 3, "shipping_total_price": "5.99", "order_total": "59.74"}}, {"model": "orders.order", "pk": 14, "fields": {"status": "completed", "cart": 23, "user": 1, "billing_address": 1, "shipping_address": 3, "shipping_total_price": "5.99", "order_total": "349.99"}}, {"model": "orders.order", "pk": 15, "fields": {"status": "created", "cart": 24, "user": 1, "billing_address": 7, "shipping_address": 3, "shipping_total_price": "5.99", "order_total": "59.74"}}, {"model": "orders.order", "pk": 16, "fields": {"status": "created", "cart": 25, "user": null, "billing_address": null, "shipping_address": null, "shipping_total_price": "5.99", "order_total": "59.74"}}, {"model": "orders.order", "pk": 17, "fields": {"status": "created", "cart": 26, "user": 5, "billing_address": 10, "shipping_address": 11, "shipping_total_price": "5.99", "order_total": "167.24"}}, {"model": "orders.order", "pk": 18, "fields": {"status": "created", "cart": 27, "user": 3, "billing_address": 5, "shipping_address": 6, "shipping_total_price": "5.99", "order_total": "59.74"}}, {"model": "orders.order", "pk": 19, "fields": {"status": "created", "cart": 28, "user": 3, "billing_address": 5, "shipping_address": 6, "shipping_total_price": "5.99", "order_total": "167.24"}}, {"model": "orders.order", "pk": 20, "fields": {"status": "created", "cart": 29, "user": 3, "billing_address": 5, "shipping_address": 6, "shipping_total_price": "5.99", "order_total": "113.49"}}, {"model": "orders.order", "pk": 21, "fields": {"status": "created", "cart": 30, "user": 5, "billing_address": 10, "shipping_address": 11, "shipping_total_price": "5.99", "order_total": "113.49"}}, {"model": "orders.order", "pk": 22, "fields": {"status": "created", "cart": 31, "user": 3, "billing_address": 5, "shipping_address": 6, "shipping_total_price": "5.99", "order_total": "113.49"}}, {"model": "orders.order", "pk": 23, "fields": {"status": "created", "cart": 32, "user": 5, "billing_address": 10, "shipping_address": 11, "shipping_total_price": "5.99", "order_total": "59.74"}}, {"model": "orders.order", "pk": 24, "fields": {"status": "completed", "cart": 33, "user": 3, "billing_address": 5, "shipping_address": 9, "shipping_total_price": "5.99", "order_total": "113.49"}}, {"model": "orders.order", "pk": 25, "fields": {"status": "completed", "cart": 34, "user": 3, "billing_address": 5, "shipping_address": 6, "shipping_total_price": "5.99", "order_total": "113.49"}}, {"model": "orders.order", "pk": 26, "fields": {"status": "created", "cart": 35, "user": null, "billing_address": null, "shipping_address": null, "shipping_total_price": "5.99", "order_total": "59.74"}}, {"model": "orders.order", "pk": 27, "fields": {"status": "completed", "cart": 36, "user": 5, "billing_address": 10, "shipping_address": 11, "shipping_total_price": "5.99", "order_total": "113.49"}}, {"model": "auth.permission", "pk": 1, "fields": {"name": "Can add log entry", "content_type": 1, "codename": "add_logentry"}}, {"model": "auth.permission", "pk": 2, "fields": {"name": "Can change log entry", "content_type": 1, "codename": "change_logentry"}}, {"model": "auth.permission", "pk": 3, "fields": {"name": "Can delete log entry", "content_type": 1, "codename": "delete_logentry"}}, {"model": "auth.permission", "pk": 4, "fields": {"name": "Can add group", "content_type": 2, "codename": "add_group"}}, {"model": "auth.permission", "pk": 5, "fields": {"name": "Can change group", "content_type": 2, "codename": "change_group"}}, {"model": "auth.permission", "pk": 6, "fields": {"name": "Can delete group", "content_type": 2, "codename": "delete_group"}}, {"model": "auth.permission", "pk": 7, "fields": {"name": "Can add permission", "content_type": 3, "codename": "add_permission"}}, {"model": "auth.permission", "pk": 8, "fields": {"name": "Can change permission", "content_type": 3, "codename": "change_permission"}}, {"model": "auth.permission", "pk": 9, "fields": {"name": "Can delete permission", "content_type": 3, "codename": "delete_permission"}}, {"model": "auth.permission", "pk": 10, "fields": {"name": "Can add user", "content_type": 4, "codename": "add_user"}}, {"model": "auth.permission", "pk": 11, "fields": {"name": "Can change user", "content_type": 4, "codename": "change_user"}}, {"model": "auth.permission", "pk": 12, "fields": {"name": "Can delete user", "content_type": 4, "codename": "delete_user"}}, {"model": "auth.permission", "pk": 13, "fields": {"name": "Can add content type", "content_type": 5, "codename": "add_contenttype"}}, {"model": "auth.permission", "pk": 14, "fields": {"name": "Can change content type", "content_type": 5, "codename": "change_contenttype"}}, {"model": "auth.permission", "pk": 15, "fields": {"name": "Can delete content type", "content_type": 5, "codename": "delete_contenttype"}}, {"model": "auth.permission", "pk": 16, "fields": {"name": "Can add session", "content_type": 6, "codename": "add_session"}}, {"model": "auth.permission", "pk": 17, "fields": {"name": "Can change session", "content_type": 6, "codename": "change_session"}}, {"model": "auth.permission", "pk": 18, "fields": {"name": "Can delete session", "content_type": 6, "codename": "delete_session"}}, {"model": "auth.permission", "pk": 19, "fields": {"name": "Can add product", "content_type": 7, "codename": "add_product"}}, {"model": "auth.permission", "pk": 20, "fields": {"name": "Can change product", "content_type": 7, "codename": "change_product"}}, {"model": "auth.permission", "pk": 21, "fields": {"name": "Can delete product", "content_type": 7, "codename": "delete_product"}}, {"model": "auth.permission", "pk": 22, "fields": {"name": "Can add cart item", "content_type": 8, "codename": "add_cartitem"}}, {"model": "auth.permission", "pk": 23, "fields": {"name": "Can change cart item", "content_type": 8, "codename": "change_cartitem"}}, {"model": "auth.permission", "pk": 24, "fields": {"name": "Can delete cart item", "content_type": 8, "codename": "delete_cartitem"}}, {"model": "auth.permission", "pk": 25, "fields": {"name": "Can add cart", "content_type": 9, "codename": "add_cart"}}, {"model": "auth.permission", "pk": 26, "fields": {"name": "Can change cart", "content_type": 9, "codename": "change_cart"}}, {"model": "auth.permission", "pk": 27, "fields": {"name": "Can delete cart", "content_type": 9, "codename": "delete_cart"}}, {"model": "auth.permission", "pk": 28, "fields": {"name": "Can add user checkout", "content_type": 10, "codename": "add_usercheckout"}}, {"model": "auth.permission", "pk": 29, "fields": {"name": "Can change user checkout", "content_type": 10, "codename": "change_usercheckout"}}, {"model": "auth.permission", "pk": 30, "fields": {"name": "Can delete user checkout", "content_type": 10, "codename": "delete_usercheckout"}}, {"model": "auth.permission", "pk": 31, "fields": {"name": "Can add user address", "content_type": 11, "codename": "add_useraddress"}}, {"model": "auth.permission", "pk": 32, "fields": {"name": "Can change user address", "content_type": 11, "codename": "change_useraddress"}}, {"model": "auth.permission", "pk": 33, "fields": {"name": "Can delete user address", "content_type": 11, "codename": "delete_useraddress"}}, {"model": "auth.permission", "pk": 34, "fields": {"name": "Can add order", "content_type": 12, "codename": "add_order"}}, {"model": "auth.permission", "pk": 35, "fields": {"name": "Can change order", "content_type": 12, "codename": "change_order"}}, {"model": "auth.permission", "pk": 36, "fields": {"name": "Can delete order", "content_type": 12, "codename": "delete_order"}}, {"model": "auth.permission", "pk": 37, "fields": {"name": "Can add site", "content_type": 13, "codename": "add_site"}}, {"model": "auth.permission", "pk": 38, "fields": {"name": "Can change site", "content_type": 13, "codename": "change_site"}}, {"model": "auth.permission", "pk": 39, "fields": {"name": "Can delete site", "content_type": 13, "codename": "delete_site"}}, {"model": "auth.permission", "pk": 40, "fields": {"name": "Can add sign up", "content_type": 14, "codename": "add_signup"}}, {"model": "auth.permission", "pk": 41, "fields": {"name": "Can change sign up", "content_type": 14, "codename": "change_signup"}}, {"model": "auth.permission", "pk": 42, "fields": {"name": "Can delete sign up", "content_type": 14, "codename": "delete_signup"}}, {"model": "auth.permission", "pk": 43, "fields": {"name": "Can add registration profile", "content_type": 15, "codename": "add_registrationprofile"}}, {"model": "auth.permission", "pk": 44, "fields": {"name": "Can change registration profile", "content_type": 15, "codename": "change_registrationprofile"}}, {"model": "auth.permission", "pk": 45, "fields": {"name": "Can delete registration profile", "content_type": 15, "codename": "delete_registrationprofile"}}, {"model": "auth.user", "pk": 1, "fields": {"password": "pbkdf2_sha256$30000$GjpNBpovKFlv$ZpTXRJlTLHjO0F4B0C9fIYSQUF7kO1kJRVgvqeLOjqc=", "last_login": "2017-11-03T16:32:26.525Z", "is_superuser": true, "username": "vishal", "first_name": "", "last_name": "", "email": "vishal.ku86@gmail.com", "is_staff": true, "is_active": true, "date_joined": "2017-10-27T09:43:23.938Z", "groups": [], "user_permissions": []}}, {"model": "auth.user", "pk": 2, "fields": {"password": "pbkdf2_sha256$30000$ihRquBai69WA$+jWTcnjGEltHEWGNCx4pMerTqh7KCwC+cQ4b4ABPncE=", "last_login": null, "is_superuser": false, "username": "hellohello", "first_name": "", "last_name": "", "email": "vishal.ku86@gmail.com", "is_staff": false, "is_active": true, "date_joined": "2017-11-02T16:23:56.854Z", "groups": [], "user_permissions": []}}, {"model": "auth.user", "pk": 3, "fields": {"password": "pbkdf2_sha256$30000$dT2ByHQuzVsS$eeR5FAzDEu0E1kNRH73Y3lm3CnEVJ4Wgp4YxVwI/kOQ=", "last_login": "2017-11-03T14:12:08.295Z", "is_superuser": false, "username": "newone19", "first_name": "", "last_name": "", "email": "vishal@gmail.com", "is_staff": false, "is_active": true, "date_joined": "2017-11-03T00:49:51.680Z", "groups": [], "user_permissions": []}}, {"model": "auth.user", "pk": 4, "fields": {"password": "pbkdf2_sha256$30000$zWa3l4rbuNFg$cGHlFzXNoSjJV/9gIGoTz9GOPfCwCWVoMcZyXNDHLZM=", "last_login": null, "is_superuser": false, "username": "ram", "first_name": "", "last_name": "", "email": "vishal@gmail.com", "is_staff": false, "is_active": true, "date_joined": "2017-11-03T00:54:56.462Z", "groups": [], "user_permissions": []}}, {"model": "auth.user", "pk": 5, "fields": {"password": "pbkdf2_sha256$30000$hfz1U10xgmQd$pOWDeUJSwVEbfUgQ60Yi1Tvo16dGCSEgRZo1dAjtpCI=", "last_login": null, "is_superuser": false, "username": "myselfram", "first_name": "", "last_name": "", "email": "myselfram@gmai.com", "is_staff": false, "is_active": true, "date_joined": "2017-11-03T02:19:20.858Z", "groups": [], "user_permissions": []}}, {"model": "auth.user", "pk": 6, "fields": {"password": "pbkdf2_sha256$30000$xZb4SG5RZbBO$xxC4EsjtUb1p9AY57OS0068ALe//Z7ckVWkdyx8Xmys=", "last_login": "2017-11-03T09:31:33.168Z", "is_superuser": false, "username": "pleasework", "first_name": "", "last_name": "", "email": "vishal@gmail.com", "is_staff": false, "is_active": true, "date_joined": "2017-11-03T09:31:14.099Z", "groups": [], "user_permissions": []}}, {"model": "orders.usercheckout", "pk": 1, "fields": {"user": null, "email": "hello@gmail.com"}}, {"model": "orders.usercheckout", "pk": 2, "fields": {"user": null, "email": "abc@abc.com"}}, {"model": "orders.usercheckout", "pk": 3, "fields": {"user": 1, "email": "vishal.ku86@gmail.com"}}, {"model": "orders.usercheckout", "pk": 4, "fields": {"user": 2, "email": "hell@gmail.com"}}, {"model": "orders.usercheckout", "pk": 5, "fields": {"user": 3, "email": "vishal@gmail.com"}}, {"model": "admin.logentry", "pk": 1, "fields": {"action_time": "2017-10-27T09:51:21.248Z", "user": 1, "content_type": 7, "object_id": "1", "object_repr": "page", "action_flag": 1, "change_message": "[{\"added\": {}}]"}}, {"model": "admin.logentry", "pk": 2, "fields": {"action_time": "2017-10-27T09:52:28.885Z", "user": 1, "content_type": 7, "object_id": "2", "object_repr": "page", "action_flag": 1, "change_message": "[{\"added\": {}}]"}}, {"model": "admin.logentry", "pk": 3, "fields": {"action_time": "2017-10-27T09:56:33.959Z", "user": 1, "content_type": 7, "object_id": "3", "object_repr": "page", "action_flag": 1, "change_message": "[{\"added\": {}}]"}}, {"model": "admin.logentry", "pk": 4, "fields": {"action_time": "2017-10-27T10:01:31.918Z", "user": 1, "content_type": 7, "object_id": "3", "object_repr": "page", "action_flag": 2, "change_message": "[]"}}, {"model": "admin.logentry", "pk": 5, "fields": {"action_time": "2017-10-27T10:02:20.075Z", "user": 1, "content_type": 7, "object_id": "4", "object_repr": "page", "action_flag": 1, "change_message": "[{\"added\": {}}]"}}, {"model": "admin.logentry", "pk": 6, "fields": {"action_time": "2017-10-27T11:21:23.710Z", "user": 1, "content_type": 7, "object_id": "4", "object_repr": "page", "action_flag": 2, "change_message": "[{\"changed\": {\"fields\": [\"description\"]}}]"}}, {"model": "admin.logentry", "pk": 7, "fields": {"action_time": "2017-10-27T11:21:32.110Z", "user": 1, "content_type": 7, "object_id": "3", "object_repr": "page", "action_flag": 2, "change_message": "[{\"changed\": {\"fields\": [\"description\"]}}]"}}, {"model": "admin.logentry", "pk": 8, "fields": {"action_time": "2017-10-27T11:21:39.177Z", "user": 1, "content_type": 7, "object_id": "2", "object_repr": "page", "action_flag": 2, "change_message": "[{\"changed\": {\"fields\": [\"description\"]}}]"}}, {"model": "admin.logentry", "pk": 9, "fields": {"action_time": "2017-10-28T04:48:08.498Z", "user": 1, "content_type": 7, "object_id": "5", "object_repr": "xyz", "action_flag": 1, "change_message": "[{\"added\": {}}]"}}, {"model": "admin.logentry", "pk": 10, "fields": {"action_time": "2017-10-28T07:34:46.100Z", "user": 1, "content_type": 7, "object_id": "5", "object_repr": "xyz", "action_flag": 2, "change_message": "[{\"changed\": {\"fields\": [\"rate\"]}}]"}}, {"model": "admin.logentry", "pk": 11, "fields": {"action_time": "2017-11-03T10:35:56.255Z", "user": 1, "content_type": 10, "object_id": "4", "object_repr": "hell@gmail.com", "action_flag": 2, "change_message": "[{\"changed\": {\"fields\": [\"user\"]}}]"}}]